<?xml version="1.0"encoding="UTF-8"?>
<configuration status="WARN">
	<properties>
		<property name="APP_LOG_ROOT">		
	</properties>
	<Appenders>
		<console name="console" target="SYSTEM_OUT">
			<Patternlayout pattern="%d{yyyy-MM-dd HH:mm:ss} %-5p %c{1}:%L - %m%n" />
		</console>
		<File name="file" fileName="${APP_LOG_ROOT}/application.log"">
			<Patternlayout pattern="%d{yyyy-MM-dd HH:mm:ss} %-5p %c{1}:%L - %m%n" />"
		</File>
	</Appenders>
	<Loggers>
		<Root level="debug">
		<AppenderRef ref="console"/>
		<AppenderRef ref="file" />
		</Root>
	</Loggers>
</configuration>